"total_count","incomplete_results","items__login","items__id","items__node_id","items__avatar_url","items__gravatar_id","items__url","items__html_url","items__followers_url","items__following_url","items__gists_url","items__starred_url","items__subscriptions_url","items__organizations_url","items__repos_url","items__events_url","items__received_events_url","items__type","items__user_view_type","items__site_admin","items__score"
"726","False","ValentineFernandes","98638443","U_kgDOBeEaaw","https://avatars.githubusercontent.com/u/98638443?v=4","","https://api.github.com/users/ValentineFernandes","https://github.com/ValentineFernandes","https://api.github.com/users/ValentineFernandes/followers","https://api.github.com/users/ValentineFernandes/following{/other_user}","https://api.github.com/users/ValentineFernandes/gists{/gist_id}","https://api.github.com/users/ValentineFernandes/starred{/owner},{/repo}","https://api.github.com/users/ValentineFernandes/subscriptions","https://api.github.com/users/ValentineFernandes/orgs","https://api.github.com/users/ValentineFernandes/repos","https://api.github.com/users/ValentineFernandes/events{/privacy}","https://api.github.com/users/ValentineFernandes/received_events","User","public","False","1.0"
"","","kovidgoyal","1308621","MDQ6VXNlcjEzMDg2MjE=","https://avatars.githubusercontent.com/u/1308621?v=4","","https://api.github.com/users/kovidgoyal","https://github.com/kovidgoyal","https://api.github.com/users/kovidgoyal/followers","https://api.github.com/users/kovidgoyal/following{/other_user}","https://api.github.com/users/kovidgoyal/gists{/gist_id}","https://api.github.com/users/kovidgoyal/starred{/owner},{/repo}","https://api.github.com/users/kovidgoyal/subscriptions","https://api.github.com/users/kovidgoyal/orgs","https://api.github.com/users/kovidgoyal/repos","https://api.github.com/users/kovidgoyal/events{/privacy}","https://api.github.com/users/kovidgoyal/received_events","User","public","False","1.0"
"","","slidenerd","5139030","MDQ6VXNlcjUxMzkwMzA=","https://avatars.githubusercontent.com/u/5139030?v=4","","https://api.github.com/users/slidenerd","https://github.com/slidenerd","https://api.github.com/users/slidenerd/followers","https://api.github.com/users/slidenerd/following{/other_user}","https://api.github.com/users/slidenerd/gists{/gist_id}","https://api.github.com/users/slidenerd/starred{/owner},{/repo}","https://api.github.com/users/slidenerd/subscriptions","https://api.github.com/users/slidenerd/orgs","https://api.github.com/users/slidenerd/repos","https://api.github.com/users/slidenerd/events{/privacy}","https://api.github.com/users/slidenerd/received_events","User","public","False","1.0"
"","","aryashah2k","73865728","MDQ6VXNlcjczODY1NzI4","https://avatars.githubusercontent.com/u/73865728?v=4","","https://api.github.com/users/aryashah2k","https://github.com/aryashah2k","https://api.github.com/users/aryashah2k/followers","https://api.github.com/users/aryashah2k/following{/other_user}","https://api.github.com/users/aryashah2k/gists{/gist_id}","https://api.github.com/users/aryashah2k/starred{/owner},{/repo}","https://api.github.com/users/aryashah2k/subscriptions","https://api.github.com/users/aryashah2k/orgs","https://api.github.com/users/aryashah2k/repos","https://api.github.com/users/aryashah2k/events{/privacy}","https://api.github.com/users/aryashah2k/received_events","User","public","False","1.0"
"","","coding-parrot","59478396","MDQ6VXNlcjU5NDc4Mzk2","https://avatars.githubusercontent.com/u/59478396?v=4","","https://api.github.com/users/coding-parrot","https://github.com/coding-parrot","https://api.github.com/users/coding-parrot/followers","https://api.github.com/users/coding-parrot/following{/other_user}","https://api.github.com/users/coding-parrot/gists{/gist_id}","https://api.github.com/users/coding-parrot/starred{/owner},{/repo}","https://api.github.com/users/coding-parrot/subscriptions","https://api.github.com/users/coding-parrot/orgs","https://api.github.com/users/coding-parrot/repos","https://api.github.com/users/coding-parrot/events{/privacy}","https://api.github.com/users/coding-parrot/received_events","User","public","False","1.0"
"","","gkcs","10496228","MDQ6VXNlcjEwNDk2MjI4","https://avatars.githubusercontent.com/u/10496228?v=4","","https://api.github.com/users/gkcs","https://github.com/gkcs","https://api.github.com/users/gkcs/followers","https://api.github.com/users/gkcs/following{/other_user}","https://api.github.com/users/gkcs/gists{/gist_id}","https://api.github.com/users/gkcs/starred{/owner},{/repo}","https://api.github.com/users/gkcs/subscriptions","https://api.github.com/users/gkcs/orgs","https://api.github.com/users/gkcs/repos","https://api.github.com/users/gkcs/events{/privacy}","https://api.github.com/users/gkcs/received_events","User","public","False","1.0"
"","","darshilparmar","22773771","MDQ6VXNlcjIyNzczNzcx","https://avatars.githubusercontent.com/u/22773771?v=4","","https://api.github.com/users/darshilparmar","https://github.com/darshilparmar","https://api.github.com/users/darshilparmar/followers","https://api.github.com/users/darshilparmar/following{/other_user}","https://api.github.com/users/darshilparmar/gists{/gist_id}","https://api.github.com/users/darshilparmar/starred{/owner},{/repo}","https://api.github.com/users/darshilparmar/subscriptions","https://api.github.com/users/darshilparmar/orgs","https://api.github.com/users/darshilparmar/repos","https://api.github.com/users/darshilparmar/events{/privacy}","https://api.github.com/users/darshilparmar/received_events","User","public","False","1.0"
"","","Kushal334","66548225","MDQ6VXNlcjY2NTQ4MjI1","https://avatars.githubusercontent.com/u/66548225?v=4","","https://api.github.com/users/Kushal334","https://github.com/Kushal334","https://api.github.com/users/Kushal334/followers","https://api.github.com/users/Kushal334/following{/other_user}","https://api.github.com/users/Kushal334/gists{/gist_id}","https://api.github.com/users/Kushal334/starred{/owner},{/repo}","https://api.github.com/users/Kushal334/subscriptions","https://api.github.com/users/Kushal334/orgs","https://api.github.com/users/Kushal334/repos","https://api.github.com/users/Kushal334/events{/privacy}","https://api.github.com/users/Kushal334/received_events","User","public","False","1.0"
"","","ritz078","5389035","MDQ6VXNlcjUzODkwMzU=","https://avatars.githubusercontent.com/u/5389035?v=4","","https://api.github.com/users/ritz078","https://github.com/ritz078","https://api.github.com/users/ritz078/followers","https://api.github.com/users/ritz078/following{/other_user}","https://api.github.com/users/ritz078/gists{/gist_id}","https://api.github.com/users/ritz078/starred{/owner},{/repo}","https://api.github.com/users/ritz078/subscriptions","https://api.github.com/users/ritz078/orgs","https://api.github.com/users/ritz078/repos","https://api.github.com/users/ritz078/events{/privacy}","https://api.github.com/users/ritz078/received_events","User","public","False","1.0"
"","","PrasoonPratham","42303128","MDQ6VXNlcjQyMzAzMTI4","https://avatars.githubusercontent.com/u/42303128?v=4","","https://api.github.com/users/PrasoonPratham","https://github.com/PrasoonPratham","https://api.github.com/users/PrasoonPratham/followers","https://api.github.com/users/PrasoonPratham/following{/other_user}","https://api.github.com/users/PrasoonPratham/gists{/gist_id}","https://api.github.com/users/PrasoonPratham/starred{/owner},{/repo}","https://api.github.com/users/PrasoonPratham/subscriptions","https://api.github.com/users/PrasoonPratham/orgs","https://api.github.com/users/PrasoonPratham/repos","https://api.github.com/users/PrasoonPratham/events{/privacy}","https://api.github.com/users/PrasoonPratham/received_events","User","public","False","1.0"
"","","rmehta","140076","MDQ6VXNlcjE0MDA3Ng==","https://avatars.githubusercontent.com/u/140076?v=4","","https://api.github.com/users/rmehta","https://github.com/rmehta","https://api.github.com/users/rmehta/followers","https://api.github.com/users/rmehta/following{/other_user}","https://api.github.com/users/rmehta/gists{/gist_id}","https://api.github.com/users/rmehta/starred{/owner},{/repo}","https://api.github.com/users/rmehta/subscriptions","https://api.github.com/users/rmehta/orgs","https://api.github.com/users/rmehta/repos","https://api.github.com/users/rmehta/events{/privacy}","https://api.github.com/users/rmehta/received_events","User","public","False","1.0"
"","","LakshyaDuhoonISU","142775753","U_kgDOCIKVyQ","https://avatars.githubusercontent.com/u/142775753?v=4","","https://api.github.com/users/LakshyaDuhoonISU","https://github.com/LakshyaDuhoonISU","https://api.github.com/users/LakshyaDuhoonISU/followers","https://api.github.com/users/LakshyaDuhoonISU/following{/other_user}","https://api.github.com/users/LakshyaDuhoonISU/gists{/gist_id}","https://api.github.com/users/LakshyaDuhoonISU/starred{/owner},{/repo}","https://api.github.com/users/LakshyaDuhoonISU/subscriptions","https://api.github.com/users/LakshyaDuhoonISU/orgs","https://api.github.com/users/LakshyaDuhoonISU/repos","https://api.github.com/users/LakshyaDuhoonISU/events{/privacy}","https://api.github.com/users/LakshyaDuhoonISU/received_events","User","public","False","1.0"
"","","dmalvia","8543895","MDQ6VXNlcjg1NDM4OTU=","https://avatars.githubusercontent.com/u/8543895?v=4","","https://api.github.com/users/dmalvia","https://github.com/dmalvia","https://api.github.com/users/dmalvia/followers","https://api.github.com/users/dmalvia/following{/other_user}","https://api.github.com/users/dmalvia/gists{/gist_id}","https://api.github.com/users/dmalvia/starred{/owner},{/repo}","https://api.github.com/users/dmalvia/subscriptions","https://api.github.com/users/dmalvia/orgs","https://api.github.com/users/dmalvia/repos","https://api.github.com/users/dmalvia/events{/privacy}","https://api.github.com/users/dmalvia/received_events","User","public","False","1.0"
"","","PiyushKumarSingh-90","142776115","U_kgDOCIKXMw","https://avatars.githubusercontent.com/u/142776115?v=4","","https://api.github.com/users/PiyushKumarSingh-90","https://github.com/PiyushKumarSingh-90","https://api.github.com/users/PiyushKumarSingh-90/followers","https://api.github.com/users/PiyushKumarSingh-90/following{/other_user}","https://api.github.com/users/PiyushKumarSingh-90/gists{/gist_id}","https://api.github.com/users/PiyushKumarSingh-90/starred{/owner},{/repo}","https://api.github.com/users/PiyushKumarSingh-90/subscriptions","https://api.github.com/users/PiyushKumarSingh-90/orgs","https://api.github.com/users/PiyushKumarSingh-90/repos","https://api.github.com/users/PiyushKumarSingh-90/events{/privacy}","https://api.github.com/users/PiyushKumarSingh-90/received_events","User","public","False","1.0"
"","","mfaisalkhatri","18361917","MDQ6VXNlcjE4MzYxOTE3","https://avatars.githubusercontent.com/u/18361917?v=4","","https://api.github.com/users/mfaisalkhatri","https://github.com/mfaisalkhatri","https://api.github.com/users/mfaisalkhatri/followers","https://api.github.com/users/mfaisalkhatri/following{/other_user}","https://api.github.com/users/mfaisalkhatri/gists{/gist_id}","https://api.github.com/users/mfaisalkhatri/starred{/owner},{/repo}","https://api.github.com/users/mfaisalkhatri/subscriptions","https://api.github.com/users/mfaisalkhatri/orgs","https://api.github.com/users/mfaisalkhatri/repos","https://api.github.com/users/mfaisalkhatri/events{/privacy}","https://api.github.com/users/mfaisalkhatri/received_events","User","public","False","1.0"
"","","omsandippatil","131482831","U_kgDOB9ZEzw","https://avatars.githubusercontent.com/u/131482831?v=4","","https://api.github.com/users/omsandippatil","https://github.com/omsandippatil","https://api.github.com/users/omsandippatil/followers","https://api.github.com/users/omsandippatil/following{/other_user}","https://api.github.com/users/omsandippatil/gists{/gist_id}","https://api.github.com/users/omsandippatil/starred{/owner},{/repo}","https://api.github.com/users/omsandippatil/subscriptions","https://api.github.com/users/omsandippatil/orgs","https://api.github.com/users/omsandippatil/repos","https://api.github.com/users/omsandippatil/events{/privacy}","https://api.github.com/users/omsandippatil/received_events","User","public","False","1.0"
"","","anujvyas","54404551","MDQ6VXNlcjU0NDA0NTUx","https://avatars.githubusercontent.com/u/54404551?v=4","","https://api.github.com/users/anujvyas","https://github.com/anujvyas","https://api.github.com/users/anujvyas/followers","https://api.github.com/users/anujvyas/following{/other_user}","https://api.github.com/users/anujvyas/gists{/gist_id}","https://api.github.com/users/anujvyas/starred{/owner},{/repo}","https://api.github.com/users/anujvyas/subscriptions","https://api.github.com/users/anujvyas/orgs","https://api.github.com/users/anujvyas/repos","https://api.github.com/users/anujvyas/events{/privacy}","https://api.github.com/users/anujvyas/received_events","User","public","False","1.0"
"","","jalajthanaki","12840374","MDQ6VXNlcjEyODQwMzc0","https://avatars.githubusercontent.com/u/12840374?v=4","","https://api.github.com/users/jalajthanaki","https://github.com/jalajthanaki","https://api.github.com/users/jalajthanaki/followers","https://api.github.com/users/jalajthanaki/following{/other_user}","https://api.github.com/users/jalajthanaki/gists{/gist_id}","https://api.github.com/users/jalajthanaki/starred{/owner},{/repo}","https://api.github.com/users/jalajthanaki/subscriptions","https://api.github.com/users/jalajthanaki/orgs","https://api.github.com/users/jalajthanaki/repos","https://api.github.com/users/jalajthanaki/events{/privacy}","https://api.github.com/users/jalajthanaki/received_events","User","public","False","1.0"
"","","alisolanki","55312000","MDQ6VXNlcjU1MzEyMDAw","https://avatars.githubusercontent.com/u/55312000?v=4","","https://api.github.com/users/alisolanki","https://github.com/alisolanki","https://api.github.com/users/alisolanki/followers","https://api.github.com/users/alisolanki/following{/other_user}","https://api.github.com/users/alisolanki/gists{/gist_id}","https://api.github.com/users/alisolanki/starred{/owner},{/repo}","https://api.github.com/users/alisolanki/subscriptions","https://api.github.com/users/alisolanki/orgs","https://api.github.com/users/alisolanki/repos","https://api.github.com/users/alisolanki/events{/privacy}","https://api.github.com/users/alisolanki/received_events","User","public","False","1.0"
"","","ForceGT","31688051","MDQ6VXNlcjMxNjg4MDUx","https://avatars.githubusercontent.com/u/31688051?v=4","","https://api.github.com/users/ForceGT","https://github.com/ForceGT","https://api.github.com/users/ForceGT/followers","https://api.github.com/users/ForceGT/following{/other_user}","https://api.github.com/users/ForceGT/gists{/gist_id}","https://api.github.com/users/ForceGT/starred{/owner},{/repo}","https://api.github.com/users/ForceGT/subscriptions","https://api.github.com/users/ForceGT/orgs","https://api.github.com/users/ForceGT/repos","https://api.github.com/users/ForceGT/events{/privacy}","https://api.github.com/users/ForceGT/received_events","User","public","False","1.0"
"","","Sahil4883","96993695","U_kgDOBcgBnw","https://avatars.githubusercontent.com/u/96993695?v=4","","https://api.github.com/users/Sahil4883","https://github.com/Sahil4883","https://api.github.com/users/Sahil4883/followers","https://api.github.com/users/Sahil4883/following{/other_user}","https://api.github.com/users/Sahil4883/gists{/gist_id}","https://api.github.com/users/Sahil4883/starred{/owner},{/repo}","https://api.github.com/users/Sahil4883/subscriptions","https://api.github.com/users/Sahil4883/orgs","https://api.github.com/users/Sahil4883/repos","https://api.github.com/users/Sahil4883/events{/privacy}","https://api.github.com/users/Sahil4883/received_events","User","public","False","1.0"
"","","yTakkar","24929880","MDQ6VXNlcjI0OTI5ODgw","https://avatars.githubusercontent.com/u/24929880?v=4","","https://api.github.com/users/yTakkar","https://github.com/yTakkar","https://api.github.com/users/yTakkar/followers","https://api.github.com/users/yTakkar/following{/other_user}","https://api.github.com/users/yTakkar/gists{/gist_id}","https://api.github.com/users/yTakkar/starred{/owner},{/repo}","https://api.github.com/users/yTakkar/subscriptions","https://api.github.com/users/yTakkar/orgs","https://api.github.com/users/yTakkar/repos","https://api.github.com/users/yTakkar/events{/privacy}","https://api.github.com/users/yTakkar/received_events","User","public","False","1.0"
"","","saineshwar","8281689","MDQ6VXNlcjgyODE2ODk=","https://avatars.githubusercontent.com/u/8281689?v=4","","https://api.github.com/users/saineshwar","https://github.com/saineshwar","https://api.github.com/users/saineshwar/followers","https://api.github.com/users/saineshwar/following{/other_user}","https://api.github.com/users/saineshwar/gists{/gist_id}","https://api.github.com/users/saineshwar/starred{/owner},{/repo}","https://api.github.com/users/saineshwar/subscriptions","https://api.github.com/users/saineshwar/orgs","https://api.github.com/users/saineshwar/repos","https://api.github.com/users/saineshwar/events{/privacy}","https://api.github.com/users/saineshwar/received_events","User","public","False","1.0"
"","","codescientists","66505013","MDQ6VXNlcjY2NTA1MDEz","https://avatars.githubusercontent.com/u/66505013?v=4","","https://api.github.com/users/codescientists","https://github.com/codescientists","https://api.github.com/users/codescientists/followers","https://api.github.com/users/codescientists/following{/other_user}","https://api.github.com/users/codescientists/gists{/gist_id}","https://api.github.com/users/codescientists/starred{/owner},{/repo}","https://api.github.com/users/codescientists/subscriptions","https://api.github.com/users/codescientists/orgs","https://api.github.com/users/codescientists/repos","https://api.github.com/users/codescientists/events{/privacy}","https://api.github.com/users/codescientists/received_events","User","public","False","1.0"
"","","amangoeliitb","6622174","MDQ6VXNlcjY2MjIxNzQ=","https://avatars.githubusercontent.com/u/6622174?v=4","","https://api.github.com/users/amangoeliitb","https://github.com/amangoeliitb","https://api.github.com/users/amangoeliitb/followers","https://api.github.com/users/amangoeliitb/following{/other_user}","https://api.github.com/users/amangoeliitb/gists{/gist_id}","https://api.github.com/users/amangoeliitb/starred{/owner},{/repo}","https://api.github.com/users/amangoeliitb/subscriptions","https://api.github.com/users/amangoeliitb/orgs","https://api.github.com/users/amangoeliitb/repos","https://api.github.com/users/amangoeliitb/events{/privacy}","https://api.github.com/users/amangoeliitb/received_events","User","public","False","1.0"
"","","debugger22","2821646","MDQ6VXNlcjI4MjE2NDY=","https://avatars.githubusercontent.com/u/2821646?v=4","","https://api.github.com/users/debugger22","https://github.com/debugger22","https://api.github.com/users/debugger22/followers","https://api.github.com/users/debugger22/following{/other_user}","https://api.github.com/users/debugger22/gists{/gist_id}","https://api.github.com/users/debugger22/starred{/owner},{/repo}","https://api.github.com/users/debugger22/subscriptions","https://api.github.com/users/debugger22/orgs","https://api.github.com/users/debugger22/repos","https://api.github.com/users/debugger22/events{/privacy}","https://api.github.com/users/debugger22/received_events","User","public","False","1.0"
"","","shifa123","18241082","MDQ6VXNlcjE4MjQxMDgy","https://avatars.githubusercontent.com/u/18241082?v=4","","https://api.github.com/users/shifa123","https://github.com/shifa123","https://api.github.com/users/shifa123/followers","https://api.github.com/users/shifa123/following{/other_user}","https://api.github.com/users/shifa123/gists{/gist_id}","https://api.github.com/users/shifa123/starred{/owner},{/repo}","https://api.github.com/users/shifa123/subscriptions","https://api.github.com/users/shifa123/orgs","https://api.github.com/users/shifa123/repos","https://api.github.com/users/shifa123/events{/privacy}","https://api.github.com/users/shifa123/received_events","User","public","False","1.0"
"","","shyamseshadri","229613","MDQ6VXNlcjIyOTYxMw==","https://avatars.githubusercontent.com/u/229613?v=4","","https://api.github.com/users/shyamseshadri","https://github.com/shyamseshadri","https://api.github.com/users/shyamseshadri/followers","https://api.github.com/users/shyamseshadri/following{/other_user}","https://api.github.com/users/shyamseshadri/gists{/gist_id}","https://api.github.com/users/shyamseshadri/starred{/owner},{/repo}","https://api.github.com/users/shyamseshadri/subscriptions","https://api.github.com/users/shyamseshadri/orgs","https://api.github.com/users/shyamseshadri/repos","https://api.github.com/users/shyamseshadri/events{/privacy}","https://api.github.com/users/shyamseshadri/received_events","User","public","False","1.0"
"","","alokproc","23560562","MDQ6VXNlcjIzNTYwNTYy","https://avatars.githubusercontent.com/u/23560562?v=4","","https://api.github.com/users/alokproc","https://github.com/alokproc","https://api.github.com/users/alokproc/followers","https://api.github.com/users/alokproc/following{/other_user}","https://api.github.com/users/alokproc/gists{/gist_id}","https://api.github.com/users/alokproc/starred{/owner},{/repo}","https://api.github.com/users/alokproc/subscriptions","https://api.github.com/users/alokproc/orgs","https://api.github.com/users/alokproc/repos","https://api.github.com/users/alokproc/events{/privacy}","https://api.github.com/users/alokproc/received_events","User","public","False","1.0"
"","","prasadgujar","12856921","MDQ6VXNlcjEyODU2OTIx","https://avatars.githubusercontent.com/u/12856921?v=4","","https://api.github.com/users/prasadgujar","https://github.com/prasadgujar","https://api.github.com/users/prasadgujar/followers","https://api.github.com/users/prasadgujar/following{/other_user}","https://api.github.com/users/prasadgujar/gists{/gist_id}","https://api.github.com/users/prasadgujar/starred{/owner},{/repo}","https://api.github.com/users/prasadgujar/subscriptions","https://api.github.com/users/prasadgujar/orgs","https://api.github.com/users/prasadgujar/repos","https://api.github.com/users/prasadgujar/events{/privacy}","https://api.github.com/users/prasadgujar/received_events","User","public","False","1.0"
